date,code,volume
20260704,00400A,39995876.0
20260704,00401A,1838323.0
20260704,00402A,7213438.0
20260704,00403A,208593027.0
20260704,00404A,7661663.0
20260704,00405A,57787872.0
20260704,00406A,20438763.0
20260704,00407A,86125609.0
20260704,0050,82436126.0
20260704,0051,67182.0
20260704,0052,29828434.0
20260704,0053,23519.0
20260704,0055,432231.0
20260704,0056,33981422.0
20260704,0057,8742.0
20260704,0061,252793.0
20260704,006203,5542.0
20260704,006204,10512.0
20260704,006205,890209.0
20260704,006206,66111.0
20260704,006207,282692.0
20260704,006208,3068760.0
20260704,00625K,0.0
20260704,00631L,264692695.0
20260704,00632R,143173234.0
20260704,00633L,3644038.0
20260704,00634R,598898.0
20260704,00635U,7548956.0
20260704,00636,314767.0
20260704,00636K,200.0
20260704,00637L,27358045.0
20260704,00638R,219500.0
20260704,00639,451071.0
20260704,00640L,106903.0
20260704,00641R,1187020.0
20260704,00642U,1756362.0
20260704,00643,2852096.0
20260704,00643K,23000.0
20260704,00645,96948.0
20260704,00646,2505669.0
20260704,00647L,30468.0
20260704,00648R,1660000.0
20260704,00650L,5578272.0
20260704,00651R,318459.0
20260704,00652,871338.0
20260704,00653L,309786.0
20260704,00654R,133000.0
20260704,00655L,1530931.0
20260704,00656R,85400.0
20260704,00657,157029.0
20260704,00657K,200.0
20260704,00660,11133.0
20260704,00661,68574.0
20260704,00662,2271309.0
20260704,00663L,12855980.0
20260704,00664R,17556294.0
20260704,00665L,21233329.0
20260704,00666R,53747.0
20260704,00668,952035.0
20260704,00668K,200.0
20260704,00669R,1305259.0
20260704,00670L,668586.0
20260704,00671R,4467086.0
20260704,00673R,13751918.0
20260704,00674R,668472.0
20260704,00675L,2412609.0
20260704,00676R,7945242.0
20260704,00678,529055.0
20260704,00680L,12728684.0
20260704,00681R,5000.0
20260704,00682U,119.0
20260704,00683L,52675.0
20260704,00684R,3000.0
20260704,00686R,8306902.0
20260704,00688L,2459566.0
20260704,00689R,36000.0
20260704,00690,217282.0
20260704,00692,605867.0
20260704,00693U,241275.0
20260704,00700,303857.0
20260704,00701,402306.0
20260704,00702,127706.0
20260704,00703,70290.0
20260704,00706L,2511181.0
20260704,00707R,0.0
20260704,00708L,7044390.0
20260704,00709,56272.0
20260704,00710B,183614.0
20260704,00711B,109826.0
20260704,00712,24745532.0
20260704,00713,7112476.0
20260704,00714,71658.0
20260704,00715L,4601660.0
20260704,00717,167541.0
20260704,00728,131627.0
20260704,00730,243797.0
20260704,00731,597641.0
20260704,00733,928888.0
20260704,00735,2883627.0
20260704,00736,135572.0
20260704,00737,174295.0
20260704,00738U,4585340.0
20260704,00739,20991.0
20260704,00752,1653384.0
20260704,00753L,13727585.0
20260704,00757,1583756.0
20260704,00762,344927.0
20260704,00763U,877930.0
20260704,00770,132109.0
20260704,00771,15426.0
20260704,00775B,80052.0
20260704,00783,208413.0
20260704,00830,21392725.0
20260704,00850,534898.0
20260704,00851,6719.0
20260704,00852L,137541.0
20260704,00861,166206.0
20260704,00865B,3932847.0
20260704,00875,273497.0
20260704,00876,336698.0
20260704,00878,22296837.0
20260704,00881,9309784.0
20260704,00882,11660727.0
20260704,00885,4306077.0
20260704,00891,11269527.0
20260704,00892,7885718.0
20260704,00893,607153.0
20260704,00894,767289.0
20260704,00895,1100103.0
20260704,00896,4689263.0
20260704,00897,1574299.0
20260704,00898,1616207.0
20260704,00899,89812.0
20260704,00900,5877475.0
20260704,00901,267766.0
20260704,00902,1187879.0
20260704,00903,35226.0
20260704,00904,1673407.0
20260704,00905,3212779.0
20260704,00907,1329790.0
20260704,00908,606106.0
20260704,00909,2176586.0
20260704,00910,1080761.0
20260704,00911,1174203.0
20260704,00912,911132.0
20260704,00913,1157088.0
20260704,00915,2655458.0
20260704,00916,3453921.0
20260704,00917,746385.0
20260704,00918,30825787.0
20260704,00919,54035525.0
20260704,00920,124010.0
20260704,00921,134801.0
20260704,00922,13380850.0
20260704,00923,3150953.0
20260704,00924,1570496.0
20260704,00926,1804308.0
20260704,00927,71003864.0
20260704,00929,21743156.0
20260704,00930,459429.0
20260704,00932,1359628.0
20260704,00934,2710074.0
20260704,00935,12357749.0
20260704,00936,1254032.0
20260704,00938,1550498.0
20260704,00939,3662960.0
20260704,00940,14313299.0
20260704,00941,2760426.0
20260704,00943,59628.0
20260704,00944,304093.0
20260704,00945B,7570139.0
20260704,00946,4542390.0
20260704,00947,6453460.0
20260704,00949,1174791.0
20260704,00951,2116945.0
20260704,00952,3100546.0
20260704,00953B,32854415.0
20260704,00954,3898770.0
20260704,00956,1240584.0
20260704,00960,754607.0
20260704,00961,12582050.0
20260704,00962,304265.0
20260704,00963,1048342.0
20260704,00964,2125953.0
20260704,00965,3625719.0
20260704,00971,267870.0
20260704,00972,106070.0
20260704,009800,1021414.0
20260704,009801,608810.0
20260704,009802,2730010.0
20260704,009803,1351461.0
20260704,009804,4591817.0
20260704,009805,6549480.0
20260704,009808,355631.0
20260704,009809,735337.0
20260704,00980A,4205961.0
20260704,009810,86802.0
20260704,009811,2703177.0
20260704,009812,853523.0
20260704,009813,3003377.0
20260704,009816,101885927.0
20260704,009817,2215305.0
20260704,009818,481314.0
20260704,009819,8885989.0
20260704,00981A,175889407.0
20260704,00981T,1964893.0
20260704,009820,8052431.0
20260704,009821,18505197.0
20260704,009824,21796209.0
20260704,00982A,22412643.0
20260704,00982D,413683.0
20260704,00982T,55209.0
20260704,00983A,1286236.0
20260704,00983D,770076.0
20260704,00984A,6928890.0
20260704,00984D,8609139.0
20260704,00985A,2630777.0
20260704,00985B,4164069.0
20260704,00986A,210526.0
20260704,00987A,1989075.0
20260704,00988A,104892427.0
20260704,00989A,1797901.0
20260704,00990A,64758917.0
20260704,00991A,92203606.0
20260704,00992A,38074124.0
20260704,00993A,5529890.0
20260704,00994A,5083890.0
20260704,00995A,4017362.0
20260704,00996A,5927284.0
20260704,00997A,63169946.0
20260704,00999A,16696551.0
20260704,01001T,5012.0
20260704,01002T,73000.0
20260704,01004T,240293.0
20260704,01007T,270029.0
20260704,01009T,4000.0
20260704,01010T,27056.0
20260704,020000,0.0
20260704,020011,0.0
20260704,020012,0.0
20260704,02001L,171000.0
20260704,020020,0.0
20260704,020028,1000.0
20260704,020029,10000.0
20260704,020030,6000.0
20260704,020031,10000.0
20260704,020032,1000.0
20260704,020034,20000.0
20260704,020036,1000.0
20260704,020037,0.0
20260704,020038,2000.0
20260704,020039,5000.0
20260704,1101,28112178.0
20260704,1101B,2700.0
20260704,1102,17532050.0
20260704,1103,605390.0
20260704,1104,1213876.0
20260704,1108,1071217.0
20260704,1109,288214.0
20260704,1110,477756.0
20260704,1201,795668.0
20260704,1203,16023.0
20260704,1210,5765678.0
20260704,1213,79097.0
20260704,1215,982825.0
20260704,1216,16111988.0
20260704,1217,1339502.0
20260704,1218,1969447.0
20260704,1219,1230884.0
20260704,1220,90859.0
20260704,1225,299199.0
20260704,1227,2575126.0
20260704,1229,4781319.0
20260704,1231,324518.0
20260704,1232,720717.0
20260704,1233,41693.0
20260704,1234,209462.0
20260704,1235,12128.0
20260704,1236,107857.0
20260704,1256,166071.0
20260704,1301,190058976.0
20260704,1303,35662605.0
20260704,1304,27511662.0
20260704,1305,23511994.0
20260704,1307,2925469.0
20260704,1308,14799638.0
20260704,1309,21664264.0
20260704,1310,25050677.0
20260704,1312,97061757.0
20260704,1312A,37000.0
20260704,1313,38850531.0
20260704,1314,294715987.0
20260704,1315,67155.0
20260704,1316,4459235.0
20260704,1319,2588949.0
20260704,1321,178471.0
20260704,1323,159232.0
20260704,1324,385540.0
20260704,1325,401751.0
20260704,1326,97646905.0
20260704,1337,4741612.0
20260704,1338,423323.0
20260704,1339,113506.0
20260704,1340,471353.0
20260704,1341,5597.0
20260704,1342,670706.0
20260704,1402,25497121.0
20260704,1409,79612192.0
20260704,1410,401747.0
20260704,1413,124809.0
20260704,1414,471528.0
20260704,1416,444437.0
20260704,1417,953071.0
20260704,1418,14374.0
20260704,1419,225497.0
20260704,1423,29686.0
20260704,1432,333224.0
20260704,1434,34675556.0
20260704,1435,79586.0
20260704,1436,502235.0
20260704,1437,242311.0
20260704,1438,41611.0
20260704,1439,30555.0
20260704,1440,6843021.0
20260704,1441,92186.0
20260704,1442,721213.0
20260704,1443,4868.0
20260704,1444,19713967.0
20260704,1445,800154.0
20260704,1446,1073570.0
20260704,1447,37908670.0
20260704,1449,1289185.0
20260704,1451,326548.0
20260704,1452,609971.0
20260704,1453,72903.0
20260704,1454,43856.0
20260704,1455,7504662.0
20260704,1456,71991.0
20260704,1457,434729.0
20260704,1459,646272.0
20260704,1460,11227721.0
20260704,1463,138180.0
20260704,1464,2301439.0
20260704,1465,247381.0
20260704,1466,4527009.0
20260704,1467,1329626.0
20260704,1468,39260.0
20260704,1470,2008.0
20260704,1471,894702.0
20260704,1472,33602.0
20260704,1473,177958.0
20260704,1474,1201651.0
20260704,1475,11476.0
20260704,1476,1079824.0
20260704,1477,2799243.0
20260704,1503,1566665.0
20260704,1504,6579280.0
20260704,1506,329667.0
20260704,1512,234211.0
20260704,1513,2745352.0
20260704,1514,4296790.0
20260704,1515,13280899.0
20260704,1516,36438.0
20260704,1517,1409298.0
20260704,1519,1064170.0
20260704,1521,25214.0
20260704,1522,641197.0
20260704,1522A,0.0
20260704,1524,756678.0
20260704,1525,78092.0
20260704,1526,227174.0
20260704,1527,701483.0
20260704,1528,1552881.0
20260704,1529,1168660.0
20260704,1530,126499.0
20260704,1531,316942.0
20260704,1532,683384.0
20260704,1533,170532.0
20260704,1535,67655.0
20260704,1536,8190757.0
20260704,1537,32964.0
20260704,1538,218.0
20260704,1539,112043.0
20260704,1540,520977.0
20260704,1541,10613.0
20260704,1558,106852.0
20260704,1560,706192.0
20260704,1563,4158374.0
20260704,1568,1463976.0
20260704,1582,1015640.0
20260704,1583,32853.0
20260704,1587,344235.0
20260704,1590,886093.0
20260704,1597,6863779.0
20260704,1598,237519.0
20260704,1603,301524.0
20260704,1604,1018586.0
20260704,1605,19446977.0
20260704,1608,4011348.0
20260704,1609,16418464.0
20260704,1611,1950960.0
20260704,1612,948100.0
20260704,1614,132486.0
20260704,1615,144754.0
20260704,1616,1390034.0
20260704,1617,4480050.0
20260704,1618,865377.0
20260704,1623,394910.0
20260704,1626,175403.0
20260704,1702,732953.0
20260704,1707,716067.0
20260704,1708,33243863.0
20260704,1709,4690710.0
20260704,1710,43260099.0
20260704,1711,8100400.0
20260704,1712,882670.0
20260704,1713,132707.0
20260704,1714,16799991.0
20260704,1717,60578407.0
20260704,1718,148912446.0
20260704,1720,419576.0
20260704,1721,2961002.0
20260704,1722,3193768.0
20260704,1723,459907.0
20260704,1725,214382.0
20260704,1726,30306.0
20260704,1727,4309715.0
20260704,1730,314563.0
20260704,1731,94315.0
20260704,1732,276489.0
20260704,1733,142813.0
20260704,1734,574966.0
20260704,1735,401885.0
20260704,1736,878845.0
20260704,1737,138220.0
20260704,1752,61106.0
20260704,1760,509667.0
20260704,1762,216971.0
20260704,1773,755200.0
20260704,1776,179789.0
20260704,1783,181027.0
20260704,1786,292875.0
20260704,1789,1465862.0
20260704,1795,3821379.0
20260704,1802,38090833.0
20260704,1805,102931.0
20260704,1806,1953835.0
20260704,1808,935507.0
20260704,1809,4125936.0
20260704,1810,20422279.0
20260704,1817,55824.0
20260704,1903,302352.0
20260704,1904,6030018.0
20260704,1905,6977730.0
20260704,1906,180908.0
20260704,1907,2068862.0
20260704,1909,10854452.0
20260704,2002,41119896.0
20260704,2002A,33467.0
20260704,2006,2072868.0
20260704,2007,564757.0
20260704,2008,19542.0
20260704,2009,2532832.0
20260704,2010,1871483.0
20260704,2012,171814.0
20260704,2013,366064.0
20260704,2014,5800105.0
20260704,2015,304899.0
20260704,2017,813034.0
20260704,2020,362254.0
20260704,2022,1255233.0
20260704,2023,2747609.0
20260704,2024,15111.0
20260704,2025,805831.0
20260704,2027,7403959.0
20260704,2028,173948.0
20260704,2029,179037.0
20260704,2030,1583940.0
20260704,2031,1008064.0
20260704,2032,655009.0
20260704,2033,442231.0
20260704,2034,2089852.0
20260704,2038,796507.0
20260704,2049,3052491.0
20260704,2059,393292.0
20260704,2062,337761.0
20260704,2069,165616.0
20260704,2072,757363.0
20260704,2101,3856634.0
20260704,2102,601549.0
20260704,2103,20839602.0
20260704,2104,10708397.0
20260704,2105,28053924.0
20260704,2106,1668694.0
20260704,2107,582996.0
20260704,2108,3232071.0
20260704,2109,619001.0
20260704,2114,164745.0
20260704,2115,63540.0
20260704,2201,7700167.0
20260704,2204,1375886.0
20260704,2206,2736810.0
20260704,2207,326673.0
20260704,2208,19252042.0
20260704,2211,840538.0
20260704,2227,53748.0
20260704,2228,174792.0
20260704,2231,5817603.0
20260704,2233,2105472.0
20260704,2236,2157207.0
20260704,2239,245526.0
20260704,2241,1784756.0
20260704,2243,402619.0
20260704,2247,43416.0
20260704,2248,103550.0
20260704,2250,1850370.0
20260704,2254,12000.0
20260704,2258,554563.0
20260704,2301,16966533.0
20260704,2302,17542599.0
20260704,2303,75996283.0
20260704,2305,1195680.0
20260704,2308,15207642.0
20260704,2312,15722884.0
20260704,2313,31704560.0
20260704,2314,113261.0
20260704,2316,1051419.0
20260704,2317,51008242.0
20260704,2321,1407.0
20260704,2323,18200947.0
20260704,2324,38900932.0
20260704,2327,44635306.0
20260704,2328,4501533.0
20260704,2329,3472328.0
20260704,2330,32905868.0
20260704,2331,2550127.0
20260704,2332,30087976.0
20260704,2337,52691353.0
20260704,2338,2392461.0
20260704,2340,11939875.0
20260704,2342,3548609.0
20260704,2344,141900944.0
20260704,2345,3021446.0
20260704,2347,9298920.0
20260704,2348,1606325.0
20260704,2348A,62030.0
20260704,2349,3121849.0
20260704,2351,4026842.0
20260704,2352,22936205.0
20260704,2353,29668380.0
20260704,2354,3148033.0
20260704,2355,3265968.0
20260704,2356,23294584.0
20260704,2357,3325491.0
20260704,2359,13496736.0
20260704,2360,1658208.0
20260704,2362,1061546.0
20260704,2363,13028756.0
20260704,2364,138916.0
20260704,2365,4897061.0
20260704,2367,8327650.0
20260704,2368,5700146.0
20260704,2369,8202188.0
20260704,2371,14385920.0
20260704,2373,296271.0
20260704,2374,4138727.0
20260704,2375,30837798.0
20260704,2376,3839419.0
20260704,2377,9407332.0
20260704,2379,4479098.0
20260704,2380,182256.0
20260704,2382,13135151.0
20260704,2383,3177228.0
20260704,2385,6185828.0
20260704,2387,835988.0
20260704,2388,2549956.0
20260704,2390,3896133.0
20260704,2392,2776638.0
20260704,2393,1645674.0
20260704,2395,2059910.0
20260704,2397,804471.0
20260704,2399,6209092.0
20260704,2401,24684820.0
20260704,2402,2385861.0
20260704,2404,1761969.0
20260704,2405,2204704.0
20260704,2406,26784598.0
20260704,2408,61733558.0
20260704,2409,231040275.0
20260704,2412,17629600.0
20260704,2413,1469012.0
20260704,2414,251789.0
20260704,2415,1112267.0
20260704,2417,5610973.0
20260704,2419,4615153.0
20260704,2420,334147.0
20260704,2421,1426025.0
20260704,2423,107253.0
20260704,2424,40011.0
20260704,2425,1796534.0
20260704,2426,20307096.0
20260704,2427,15242152.0
20260704,2428,4563415.0
20260704,2429,1749994.0
20260704,2430,258279.0
20260704,2431,789710.0
20260704,2432,85060.0
20260704,2433,44411.0
20260704,2434,2154121.0
20260704,2436,4223031.0
20260704,2438,239671.0
20260704,2439,2683353.0
20260704,2440,645873.0
20260704,2441,5021972.0
20260704,2442,1904842.0
20260704,2444,586943.0
20260704,2449,31624746.0
20260704,2450,149404.0
20260704,2451,2967506.0
20260704,2453,319015.0
20260704,2454,12778372.0
20260704,2455,1969194.0
20260704,2457,2572113.0
20260704,2458,5942688.0
20260704,2459,44400.0
20260704,2460,1420742.0
20260704,2461,1531549.0
20260704,2462,606556.0
20260704,2464,20101103.0
20260704,2465,515717.0
20260704,2466,4573115.0
20260704,2467,2254700.0
20260704,2468,4376232.0
20260704,2471,114981.0
20260704,2472,12770438.0
20260704,2474,11463404.0
20260704,2476,4928043.0
20260704,2477,215242.0
20260704,2478,1313196.0
20260704,2480,304468.0
20260704,2481,7753839.0
20260704,2482,118551.0
20260704,2483,2309102.0
20260704,2484,117755286.0
20260704,2485,5390263.0
20260704,2486,10740021.0
20260704,2488,164074.0
20260704,2489,6716610.0
20260704,2491,503737.0
20260704,2492,2138495.0
20260704,2493,9528504.0
20260704,2495,7749768.0
20260704,2496,5341.0
20260704,2497,647294.0
20260704,2498,5070543.0
20260704,2501,1649957.0
20260704,2504,5437040.0
20260704,2505,181697.0
20260704,2506,1276732.0
20260704,2509,106864.0
20260704,2511,3978566.0
20260704,2514,622597.0
20260704,2515,20518527.0
20260704,2516,213820.0
20260704,2520,1273042.0
20260704,2524,120263.0
20260704,2527,603470.0
20260704,2528,647981.0
20260704,2530,832327.0
20260704,2534,2699303.0
20260704,2535,263955.0
20260704,2536,1621317.0
20260704,2537,2883638.0
20260704,2538,413556.0
20260704,2539,690232.0
20260704,2540,561374.0
20260704,2542,7838135.0
20260704,2543,850665.0
20260704,2545,307326.0
20260704,2546,138524.0
20260704,2547,8496588.0
20260704,2548,1242403.0
20260704,2597,247751.0
20260704,2601,5252076.0
20260704,2603,25022271.0
20260704,2605,8430425.0
20260704,2606,4717022.0
20260704,2607,507317.0
20260704,2608,383816.0
20260704,2609,43386845.0
20260704,2610,40689054.0
20260704,2611,916910.0
20260704,2612,862469.0
20260704,2613,656868.0
20260704,2614,535734.0
20260704,2615,25104958.0
20260704,2616,348408.0
20260704,2617,1279604.0
20260704,2618,39036854.0
20260704,2630,17354212.0
20260704,2633,8110900.0
20260704,2634,45980427.0
20260704,2636,750583.0
20260704,2637,2188340.0
20260704,2642,103449.0
20260704,2645,7042493.0
20260704,2646,5636317.0
20260704,2701,160871.0
20260704,2702,133334.0
20260704,2704,77546.0
20260704,2705,5513823.0
20260704,2706,263123.0
20260704,2707,346444.0
20260704,2712,20245.0
20260704,2722,43736.0
20260704,2723,125682.0
20260704,2727,617348.0
20260704,2731,874187.0
20260704,2739,79785.0
20260704,2748,166595.0
20260704,2753,339331.0
20260704,2762,114140.0
20260704,2801,12978373.0
20260704,2812,18851526.0
20260704,2816,535296.0
20260704,2820,2659713.0
20260704,2832,309298.0
20260704,2834,31902619.0
20260704,2836,5297197.0
20260704,2836A,128000.0
20260704,2838,2259121.0
20260704,2838A,159926.0
20260704,2845,11661763.0
20260704,2849,230639.0
20260704,2850,108858.0
20260704,2851,2517822.0
20260704,2852,507469.0
20260704,2855,8447469.0
20260704,2867,11202448.0
20260704,2880,16407923.0
20260704,2881,30661963.0
20260704,2881A,80761.0
20260704,2881B,90937.0
20260704,2881C,96794.0
20260704,2882,38336316.0
20260704,2882A,116308.0
20260704,2882B,14258.0
20260704,2883,59279024.0
20260704,2883B,1670394.0
20260704,2884,47694755.0
20260704,2885,18238828.0
20260704,2886,21805961.0
20260704,2887,108841693.0
20260704,2887E,686097.0
20260704,2887F,58877.0
20260704,2887G,16432.0
20260704,2887H,184338.0
20260704,2887I,16973571.0
20260704,2887Z1,1256672.0
20260704,2889,5493281.0
20260704,2890,25809189.0
20260704,2891,40938670.0
20260704,2891B,1245.0
20260704,2891C,8272.0
20260704,2892,25664750.0
20260704,2897,4887766.0
20260704,2897B,23132.0
20260704,2901,21124.0
20260704,2903,3374729.0
20260704,2904,113907.0
20260704,2905,944210.0
20260704,2906,1711930.0
20260704,2908,427596.0
20260704,2910,20800.0
20260704,2911,653931.0
20260704,2912,3618556.0
20260704,2913,5563622.0
20260704,2915,2260669.0
20260704,2923,131454.0
20260704,2929,218294.0
20260704,2939,22001.0
20260704,2945,22052.0
20260704,3002,332960.0
20260704,3003,768220.0
20260704,3004,2886882.0
20260704,3005,7372821.0
20260704,3006,12658927.0
20260704,3008,1519285.0
20260704,3010,610311.0
20260704,3011,932429.0
20260704,3013,1701043.0
20260704,3014,1955207.0
20260704,3015,4619600.0
20260704,3016,24047267.0
20260704,3017,4659120.0
20260704,3018,6710.0
20260704,3019,8363841.0
20260704,3021,476838.0
20260704,3022,2693321.0
20260704,3023,4033547.0
20260704,3024,1153741.0
20260704,3025,368465.0
20260704,3026,15337569.0
20260704,3027,653801.0
20260704,3028,2995118.0
20260704,3029,1663635.0
20260704,3030,2690830.0
20260704,3031,4495866.0
20260704,3032,237676.0
20260704,3033,3433651.0
20260704,3034,2864396.0
20260704,3035,6612662.0
20260704,3036,7714695.0
20260704,3037,19183211.0
20260704,3038,197047.0
20260704,3040,86362.0
20260704,3041,2314651.0
20260704,3042,93064180.0
20260704,3043,250292.0
20260704,3044,1633507.0
20260704,3045,18180447.0
20260704,3046,253612.0
20260704,3047,1687548.0
20260704,3048,2022463.0
20260704,3049,3512628.0
20260704,3050,1099460.0
20260704,3051,790442.0
20260704,3052,718343.0
20260704,3054,57533.0
20260704,3055,17863228.0
20260704,3056,1615510.0
20260704,3057,123504.0
20260704,3058,1541954.0
20260704,3059,10237834.0
20260704,3060,3222648.0
20260704,3062,1784976.0
20260704,3090,811000.0
20260704,3092,1462537.0
20260704,3094,1638734.0
20260704,3130,63383.0
20260704,3135,2693601.0
20260704,3138,459538.0
20260704,3149,17207301.0
20260704,3150,82006.0
20260704,3164,23213.0
20260704,3167,3805175.0
20260704,3168,53187.0
20260704,3189,3349718.0
20260704,3209,1406702.0
20260704,3229,190780.0
20260704,3231,24768914.0
20260704,3257,2725528.0
20260704,3266,77130.0
20260704,3296,72705.0
20260704,3305,1331411.0
20260704,3308,111618.0
20260704,3311,486162.0
20260704,3312,2004884.0
20260704,3321,815928.0
20260704,3338,354470.0
20260704,3346,6493230.0
20260704,3356,503182.0
20260704,3376,12247186.0
20260704,3380,6376747.0
20260704,3406,989256.0
20260704,3413,1663070.0
20260704,3416,969603.0
20260704,3419,257342.0
20260704,3432,66918.0
20260704,3437,581916.0
20260704,3443,1908960.0
20260704,3447,146347.0
20260704,3450,1632813.0
20260704,3481,300757487.0
20260704,3494,70199.0
20260704,3501,326532.0
20260704,3504,533881.0
20260704,3515,832835.0
20260704,3518,4658361.0
20260704,3528,291714.0
20260704,3530,330912.0
20260704,3532,992601.0
20260704,3533,983188.0
20260704,3535,695961.0
20260704,3543,922835.0
20260704,3545,1396021.0
20260704,3550,13944271.0
20260704,3557,165892.0
20260704,3563,1313225.0
20260704,3576,7876807.0
20260704,3583,2309697.0
20260704,3588,2044494.0
20260704,3591,10692678.0
20260704,3592,1358586.0
20260704,3593,45018.0
20260704,3596,1825848.0
20260704,3605,7953564.0
20260704,3607,1638753.0
20260704,3617,623919.0
20260704,3622,220244.0
20260704,3645,1855418.0
20260704,3652,135343.0
20260704,3653,1138823.0
20260704,3661,2935747.0
20260704,3665,2176508.0
20260704,3669,194225.0
20260704,3673,32803793.0
20260704,3679,25584.0
20260704,3686,216240.0
20260704,3694,4344623.0
20260704,3701,1536055.0
20260704,3702,7349098.0
20260704,3703,1358558.0
20260704,3704,4775445.0
20260704,3705,117121.0
20260704,3706,24818437.0
20260704,3708,639365.0
20260704,3711,39658983.0
20260704,3712,842364.0
20260704,3714,4960079.0
20260704,3715,3878539.0
20260704,3716,375423.0
20260704,3717,7894307.0
20260704,4104,337321.0
20260704,4106,92158.0
20260704,4108,563286.0
20260704,4119,225039.0
20260704,4133,140463.0
20260704,4137,483149.0
20260704,4142,1973014.0
20260704,4148,40352.0
20260704,4155,437891.0
20260704,4164,885246.0
20260704,4169,286731.0
20260704,4178,415401.0
20260704,4190,37036.0
20260704,4195,645856.0
20260704,4306,3156857.0
20260704,4414,789117.0
20260704,4426,2330150.0
20260704,4438,73706.0
20260704,4439,12322.0
20260704,4440,3010558.0
20260704,4441,36418.0
20260704,4526,3635826.0
20260704,4532,6401926.0
20260704,4536,857457.0
20260704,4540,14071759.0
20260704,4545,139928.0
20260704,4551,955651.0
20260704,4552,87877.0
20260704,4555,315441.0
20260704,4557,82167.0
20260704,4560,135260.0
20260704,4562,3567425.0
20260704,4564,6177982.0
20260704,4566,2272741.0
20260704,4569,115339.0
20260704,4571,247468.0
20260704,4572,313398.0
20260704,4576,4195366.0
20260704,4581,6006.0
20260704,4582,299494.0
20260704,4583,61508.0
20260704,4585,2051756.0
20260704,4588,113347.0
20260704,4590,2119148.0
20260704,4720,8598095.0
20260704,4722,702703.0
20260704,4736,187935.0
20260704,4737,113159.0
20260704,4739,1541918.0
20260704,4746,1172456.0
20260704,4755,239934.0
20260704,4763,23188703.0
20260704,4764,285488.0
20260704,4766,1037831.0
20260704,4770,384080.0
20260704,4771,973815.0
20260704,4807,140659.0
20260704,4904,16674525.0
20260704,4906,9236239.0
20260704,4912,216683.0
20260704,4915,8928555.0
20260704,4916,14790538.0
20260704,4919,32928066.0
20260704,4927,2861422.0
20260704,4930,51168.0
20260704,4934,1364239.0
20260704,4935,82434.0
20260704,4938,8988002.0
20260704,4942,112588.0
20260704,4943,26656.0
20260704,4949,486606.0
20260704,4952,6364632.0
20260704,4956,1476532.0
20260704,4958,22484803.0
20260704,4960,10256567.0
20260704,4961,1268590.0
20260704,4967,2188885.0
20260704,4968,514784.0
20260704,4976,7382679.0
20260704,4977,2105632.0
20260704,4989,44984524.0
20260704,4994,13410.0
20260704,4999,79385.0
20260704,5007,54439.0
20260704,5203,269897.0
20260704,5215,124476.0
20260704,5222,1275626.0
20260704,5225,588810.0
20260704,5234,377608.0
20260704,5243,832392.0
20260704,5244,183905.0
20260704,5258,563719.0
20260704,5269,1799131.0
20260704,5283,64220.0
20260704,5284,470372.0
20260704,5285,2566954.0
20260704,5288,84690.0
20260704,5292,153789.0
20260704,5306,76477.0
20260704,5388,1944820.0
20260704,5434,1609185.0
20260704,5469,5415317.0
20260704,5471,5905482.0
20260704,5484,892195.0
20260704,5515,271689.0
20260704,5519,837596.0
20260704,5521,5345585.0
20260704,5522,1231451.0
20260704,5525,72422.0
20260704,5531,786317.0
20260704,5533,143221.0
20260704,5534,1136279.0
20260704,5538,32277.0
20260704,5546,12157.0
20260704,5607,614708.0
20260704,5608,2665135.0
20260704,5706,290365.0
20260704,5871,5773649.0
20260704,5871A,824171.0
20260704,5876,6600696.0
20260704,5880,11076724.0
20260704,5906,50.0
20260704,5907,914144.0
20260704,6005,8477265.0
20260704,6024,209629.0
20260704,6108,1424072.0
20260704,6112,395123.0
20260704,6115,208484.0
20260704,6116,39872173.0
20260704,6117,257216.0
20260704,6120,1617538.0
20260704,6128,61956.0
20260704,6133,22153899.0
20260704,6136,113871.0
20260704,6139,6409356.0
20260704,6141,427221.0
20260704,6142,2412841.0
20260704,6152,736953.0
20260704,6153,4869640.0
20260704,6155,5552859.0
20260704,6164,3883618.0
20260704,6165,396341.0
20260704,6166,955272.0
20260704,6168,2179179.0
20260704,6176,8326673.0
20260704,6177,738852.0
20260704,6183,24729.0
20260704,6184,56791.0
20260704,6189,796147.0
20260704,6191,16806666.0
20260704,6192,405812.0
20260704,6196,1671407.0
20260704,6197,2982287.0
20260704,6201,64103.0
20260704,6202,8310521.0
20260704,6205,1070869.0
20260704,6206,1016103.0
20260704,6209,3085696.0
20260704,6213,30576891.0
20260704,6214,1455116.0
20260704,6215,4001527.0
20260704,6216,222484.0
20260704,6224,4334025.0
20260704,6225,6806.0
20260704,6226,7274764.0
20260704,6230,41334.0
20260704,6235,3607193.0
20260704,6239,18265490.0
20260704,6243,242265.0
20260704,6257,8486918.0
20260704,6269,3497315.0
20260704,6271,27896370.0
20260704,6272,233363.0
20260704,6277,108584.0
20260704,6278,7645562.0
20260704,6281,170122.0
20260704,6282,11853952.0
20260704,6283,81770.0
20260704,6285,5950569.0
20260704,6405,1153746.0
20260704,6409,2265319.0
20260704,6412,3118774.0
20260704,6414,566207.0
20260704,6415,1441371.0
20260704,6416,143069.0
20260704,6426,824723.0
20260704,6431,34182.0
20260704,6438,763658.0
20260704,6442,1789655.0
20260704,6443,4715730.0
20260704,6446,3205716.0
20260704,6449,2823475.0
20260704,6451,4119087.0
20260704,6456,5734284.0
20260704,6464,12009.0
20260704,6472,2665336.0
20260704,6477,7057590.0
20260704,6491,4291222.0
20260704,6504,48241.0
20260704,6505,42156306.0
20260704,6515,593016.0
20260704,6525,10745731.0
20260704,6526,733986.0
20260704,6531,3742648.0
20260704,6533,325335.0
20260704,6534,24404.0
20260704,6541,593152.0
20260704,6550,1722647.0
20260704,6552,227242.0
20260704,6558,531219.0
20260704,6573,3035521.0
20260704,6579,421640.0
20260704,6581,16085.0
20260704,6582,61206.0
20260704,6585,682117.0
20260704,6589,1611002.0
20260704,6591,334616.0
20260704,6592,982365.0
20260704,6592A,7000.0
20260704,6592B,14095.0
20260704,6598,183809.0
20260704,6605,690003.0
20260704,6606,53692.0
20260704,6614,77423.0
20260704,6625,216837.0
20260704,6641,63320.0
20260704,6645,21407.0
20260704,6655,10251.0
20260704,6657,251023.0
20260704,6658,3092670.0
20260704,6666,36072.0
20260704,6668,731703.0
20260704,6669,1563793.0
20260704,6670,467691.0
20260704,6671,33501.0
20260704,6672,5750657.0
20260704,6674,19015.0
20260704,6689,125864.0
20260704,6691,1007699.0
20260704,6695,980170.0
20260704,6698,528619.0
20260704,6706,1790585.0
20260704,6715,195882.0
20260704,6719,5598646.0
20260704,6722,19275.0
20260704,6742,3079609.0
20260704,6743,334060.0
20260704,6753,4997277.0
20260704,6754,155216.0
20260704,6756,308348.0
20260704,6757,2298574.0
20260704,6768,340915.0
20260704,6770,101737426.0
20260704,6771,13100.0
20260704,6776,183946.0
20260704,6781,1134568.0
20260704,6782,942154.0
20260704,6789,1402428.0
20260704,6790,287782.0
20260704,6792,159321.0
20260704,6794,187903.0
20260704,6796,51704.0
20260704,6799,553140.0
20260704,6805,1001166.0
20260704,6807,7038.0
20260704,6830,981637.0
20260704,6831,1169575.0
20260704,6834,748592.0
20260704,6835,67265.0
20260704,6838,247101.0
20260704,6854,113262.0
20260704,6861,259149.0
20260704,6862,703443.0
20260704,6863,120641.0
20260704,6869,605697.0
20260704,6873,850801.0
20260704,6885,219555.0
20260704,6887,63148.0
20260704,6890,712016.0
20260704,6901,6163355.0
20260704,6902,81852.0
20260704,6906,81936.0
20260704,6908,17000.0
20260704,6909,1234334.0
20260704,6914,71234.0
20260704,6916,103922.0
20260704,6918,58136.0
20260704,6919,5316027.0
20260704,6921,17000.0
20260704,6923,144663.0
20260704,6924,63629.0
20260704,6928,1500980.0
20260704,6931,90287.0
20260704,6933,259886.0
20260704,6934,60363.0
20260704,6936,42271.0
20260704,6937,1087030.0
20260704,6944,341926.0
20260704,6949,171553.0
20260704,6951,23682.0
20260704,6952,52088.0
20260704,6955,20025.0
20260704,6957,150854.0
20260704,6958,4950.0
20260704,6958A,0.0
20260704,6962,3368518.0
20260704,6965,35530.0
20260704,6969,168849.0
20260704,6988,34050.0
20260704,6994,11732409.0
20260704,7610,207916.0
20260704,7631,115798.0
20260704,7705,187840.0
20260704,7711,136470.0
20260704,7721,254364.0
20260704,7722,94686.0
20260704,7730,103796.0
20260704,7732,4006.0
20260704,7736,28200.0
20260704,7740,131628.0
20260704,7749,139866.0
20260704,7750,145575.0
20260704,7760,151300.0
20260704,7765,70588.0
20260704,7768,172352.0
20260704,7769,698435.0
20260704,7780,1254513.0
20260704,7786,353840.0
20260704,7788,750690.0
20260704,7791,34879.0
20260704,7795,1680245.0
20260704,7799,853651.0
20260704,7803,306409.0
20260704,7818,508057.0
20260704,7821,202055.0
20260704,7822,214798.0
20260704,7823,35348.0
20260704,7827,695782.0
20260704,8011,679556.0
20260704,8016,1511014.0
20260704,8021,1604485.0
20260704,8028,11321993.0
20260704,8033,10966815.0
20260704,8039,8260903.0
20260704,8045,146650.0
20260704,8046,13118601.0
20260704,8070,5008866.0
20260704,8072,504714.0
20260704,8081,1804814.0
20260704,8101,37865.0
20260704,8103,969419.0
20260704,8104,596205.0
20260704,8105,5579703.0
20260704,8110,4496120.0
20260704,8112,29524112.0
20260704,8112A,43080.0
20260704,8114,718063.0
20260704,8131,6024192.0
20260704,8150,36495120.0
20260704,8162,449921.0
20260704,8163,1095644.0
20260704,8201,131129.0
20260704,8210,683943.0
20260704,8213,452522.0
20260704,8215,1467726.0
20260704,8222,5995813.0
20260704,8249,383904.0
20260704,8261,35099073.0
20260704,8271,2249945.0
20260704,8341,327068.0
20260704,8367,71508.0
20260704,8374,3106258.0
20260704,8404,596198.0
20260704,8411,62959.0
20260704,8422,48454855.0
20260704,8429,503381.0
20260704,8438,449134.0
20260704,8442,73737.0
20260704,8443,1058182.0
20260704,8454,1776836.0
20260704,8462,204769.0
20260704,8463,73150.0
20260704,8464,714226.0
20260704,8466,125213.0
20260704,8467,12444.0
20260704,8473,1077857.0
20260704,8476,1083629.0
20260704,8478,585591.0
20260704,8481,41252.0
20260704,8482,4000.0
20260704,8487,28322.0
20260704,8488,14225.0
20260704,8499,80199.0
20260704,8926,5555355.0
20260704,8940,80979.0
20260704,8996,1321026.0
20260704,9103,948703.0
20260704,910322,94488.0
20260704,9105,21562337.0
20260704,910861,32001.0
20260704,9110,14000.0
20260704,911608,39000.0
20260704,911622,22000.0
20260704,911868,179142.0
20260704,912000,3959600.0
20260704,9136,490456.0
20260704,9802,535908.0
20260704,9902,358331.0
20260704,9904,25716398.0
20260704,9905,220511.0
20260704,9906,123240.0
20260704,9907,5187861.0
20260704,9908,470207.0
20260704,9910,2303880.0
20260704,9911,470037.0
20260704,9912,579100.0
20260704,9914,1660824.0
20260704,9917,943872.0
20260704,9918,21380.0
20260704,9919,659279.0
20260704,9921,891840.0
20260704,9924,103693.0
20260704,9925,330151.0
20260704,9926,20294.0
20260704,9927,74075.0
20260704,9928,109100.0
20260704,9929,10530.0
20260704,9930,314666.0
20260704,9931,155648.0
20260704,9933,1558929.0
20260704,9934,1448396.0
20260704,9935,1713072.0
20260704,9937,34735.0
20260704,9938,2345309.0
20260704,9939,2349998.0
20260704,9940,474478.0
20260704,9941,1746492.0
20260704,9941A,24300.0
20260704,9942,54846.0
20260704,9943,330043.0
20260704,9944,46284.0
20260704,9945,14347495.0
20260704,9946,580205.0
20260704,9955,510200.0
20260704,9958,3092455.0
